Voter ID,Pan Number,Aadhar Numbers,Passport,Driving License,Visa Card Numbers,MasterCard Card Numbers,CVV
X4GJ9A3F6B,ABCDE1234F,2345 6789 0123,A1234567,HR-0619850034761,4123456789012,5112345678901234,123
K9VQ8N2D0M,FGHIJ5678K,3456 7890 1234,B2345678,DL-0219870045762,4123456789012345,5223456789012345,456
Q1BR7F5J4P,LMNOP9876Q,4567 8901 2345,C3456789,MH-0319820054783,4234567890123,5334567890123456,789
S2XW6G3A1Z,PQRST4567R,5678 9012 3456,D4567890,TN-0419810064894,4234567890123456,5445678901234567,1011
L3TF8D9H7S,VWXYZ2345S,6789 0123 4567,E5678901,KA-0519800074905,4367890123456,5556789012345678,234
U5EK1W0J2D,KLMNO8765T,7890 1234 5678,F6789012,UP-0619790085016,4367890123456789,5112345678905678,567
V8GH7N3Q0Y,XYZAB3456U,8901 2345 6789,G7890123,DL-0719780095127,4456789012345,5223456789015679,890
R4JW9B2A6M,DEFHI6789V,9012 3456 7890,H8901234,HR-0819770105238,4456789012345678,5.33457E+15,1357
Y7RM0N8F2X,GHIJK2345W,2345 6789 1234,I9012345,TN-0919760115349,4543456789012,5445678901237891,246
T2PA1L9G3B,LMNOP1234X,3456 7890 2345,J0123456,MP-1019750125450,4543456789012345,5556789012348902,358
N1QD7T4E5J,STUVW6789Y,4567 8901 3456,K1234567,GJ-1119740135561,4678901234567,5112345678902345,901
W8MH2G6S0Z,OPQRS2345Z,5678 9012 4567,L2345678,MH-1219730145672,4.6789E+15,5223456789013456,1122
E9FV3X7P0Q,IJKLM9876A,6789 0123 5678,M3456789,KL-1319720155783,4789012345678,5334567890124567,334
A0BR6K9J4D,ABCDE4567B,7890 1234 6789,N4567890,AP-1419710165894,4789012345678901,5445678901235678,778
C3JW7L8F9N,FGHIJ1234C,8901 2345 7890,O5678901,TN-1519700175905,4890123456789,5556789012346789,990
F5VK0T1S2X,LMNOP6789D,9012 3456 8901,P6789012,KA-1619690186016,4890123456789012,5112345678909876,112
P2XT6W4M0Y,PQRST2345E,2345 6789 2345,Q7890123,UP-1719680196127,4934567890123,5223456789012345,453
M1QB9N3P4Z,VWXYZ8765F,3456 7890 3456,R8901234,DL-1819670206238,4934567890123456,5334567890123456,684
J8LR5V2X0D,KLMNO2345G,4567 8901 4567,S9012345,HR-1919660216349,4123456789023,5445678901234567,290
H4GT1F6K7Y,XYZAB6789H,5678 9012 5678,T0123456,MP-2019650226450,4123456789023456,5556789012345678,1123
G0WK9N8P2D,DEFHI1234I,6789 0123 6789,U1234567,GJ-2119640236561,4234567890134,5112345678906789,5678
B1ZT4J3Y7M,GHIJK5678J,7890 1234 7890,V2345678,MH-2219630246672,4234567890134567,5.22346E+15,910
O6LF9W2S1P,LMNOP2345K,8901 2345 8901,W3456789,KL-2319620256783,4367890123478,5334567890128901,233
D3XP0V7J4Q,STUVW1234L,9012 3456 9012,X4567890,AP-2419610266894,4367890123478901,5445678901239012,4567
I8GV2Y4T9R,OPQRS6789M,2345 6789 3456,Y5678901,TN-2519600276905,4456789012456,5556789012340123,8901
A9JM7N3B1W,IJKLM2345N,3456 7890 4567,Z6789012,KA-2619590287016,4456789012456789,5112345678901237,121
L4XK0V6F9Y,ABCDE9876O,4567 8901 5678,A7890123,UP-2719580297127,4543456789123,5223456789012348,3456
F2QD1T3S8G,FGHIJ2345P,5678 9012 6789,B8901234,DL-2819570307238,4543456789123456,5334567890123459,7890
N7WM9P6Y0J,LMNOP5678Q,6789 0123 7890,C9012345,HR-2919560317349,4678901234556,5.44568E+15,5679
R3G5V8X2D4,PQRST1234R,7890 1234 8901,D0123456,MP-3019550327450,4678901234556789,5556789012345671,1012
P9J2B6N0M3,VWXYZ6789S,8901 2345 9012,E1234567,GJ-3119540337561,4789012345679,5112345678902349,342
S1WF8X4V0Y,KLMNO2345T,9012 3456 1234,F2345678,MH-3219530347672,4789012345678902,5.22346E+15,657
Q5H7J2K9P0,XYZAB1234U,2345 6789 5678,G3456789,KL-3319520357783,4890123456901,5334567890124561,813
Y4V1B3L6M9,DEFHI8765V,3456 7890 6789,H4567890,AP-3419510367894,4890123456901234,5445678901235672,2345
W8G3T2K1N4,GHIJK2345W,4567 8901 7890,I5678901,TN-3519500377905,4934567890212,5556789012346783,676
K0RM9X5P7D,LMNOP1234X,5678 9012 8901,J6789012,KA-3619490388016,4934567890213456,5112345678903451,891
Z2QT6W1J8F,STUVW5678Y,6789 0123 9012,K7890123,UP-3719480398127,412345678901234,5223456789014562,2346
G9B5P0V3Y4,OPQRS2345Z,7890 1234 2345,L8901234,DL-3819470408238,4123456789012345,5334567890125673,5670
A1X7T6D8S0,IJKLM6789A,8901 2345 3456,M9012345,HR-3919460418349,4234567890112,5445678901236784,801
F2V3N1Q9B4,ABCDE2345B,9012 3456 4567,N0123456,MP-4019450428450,4234567890112345,5556789012347895,1023
J3P8R7M0T1,FGHIJ9876C,2345 6789 7890,O1234567,GJ-4119440438561,4367890123499,5112345678904563,4568
T6K9L2D5Y0,LMNOP1234D,3456 7890 8901,P2345678,MH-4219430448672,4367890123496789,5223456789015674,7891
M9N3S1P7X4,PQRST6789E,4567 8901 9012,Q3456789,KL-4319420458783,4456789012345,5334567890126785,8912
W0V4F2K1J,VWXYZ2345F,5678 9012 2345,R4567890,AP-4419410468894,445678901234567,5445678901237896,2347
D8Q3P7Y9B0,KLMNO5678G,6789 0123 3456,S5678901,TN-4519400478905,4543456789023,5556789012348907,6789
N2R9G5X1F,XYZAB1234H,7890 1234 4567,T6789012,KA-4619390489016,454345678902345,5112345678905675,1010
L0K3V8B9T,DEFHI2345I,8901 2345 5678,U7890123,UP-4719380499127,4678901234576,5223456789016786,223
F4P6R2J7Q,GHIJK8765J,9012 3456 6789,V8901234,DL-4819370509238,467890123457890,5334567890127897,344
X5V1T0D3K,LMNOP2345K,2345 6789 8901,W9012345,HR-4919360519349,4789012345677,5445678901238908,556
P8W3M2G9Y,STUVW9876L,3456 7890 9012,X0123456,MP-5019350529450,478901234567890,5556789012349019,1234
B0N4L7T9D,OPQRS1234M,4567 8901 2345,Y1234567,GJ-5119340539561,4890123456908,5112345678901238,5678
Q1F5J8P0V,IJKLM5678N,5678 9012 3456,Z2345678,MH-5219330549672,4890123456902345,5223456789012349,9023
S7W0X2G4M,ABCDE2345O,6789 0123 4567,A3456789,KL-5319320559783,4934567890214,5.33457E+15,876
A9N3R6V1P,FGHIJ6789P,7890 1234 5678,B4567890,AP-5419310569894,4934567890217896,5445678901234561,213
H4B7X2T0F,LMNOP1234Q,8901 2345 6789,C5678901,TN-5519300579905,4123456789012349,5556789012345672,6780
K5J3L9P8Y,PQRST2345R,9012 3456 7890,D6789012,KA-5619290580016,4.12346E+15,5.11235E+15,343
M0R1G6T4B,VWXYZ5678S,2345 6789 1234,E7890123,UP-5719280590127,4234567890131,5223456789017891,4569
W2Q7F9N1D,KLMNO2345T,3456 7890 2345,F8901234,DL-5819270600238,4234567890134567,5334567890128902,7893
G6Y9P3X2V,XYZAB1234U,4567 8901 3456,G9012345,HR-5919260610349,4367890123490,5445678901239013,670
Y1N8M0R4J,DEFHI9876V,5678 9012 4567,H0123456,MP-6019250620450,4367890123498765,5556789012340124,1235
F9P2V3D6Y,GHIJK2345W,6789 0123 5678,I1234567,GJ-6119240630561,4456789012365,5.11235E+15,432
Q4X1J7L3M,LMNOP5678X,7890 1234 6789,J2345678,MH-6219230640672,4456789012365789,5223456789013451,3459
L2R8W5B0P,STUVW1234Y,8901 2345 7890,K3456789,KL-6319220650783,4543456789081,5334567890124562,5671
P1T6V4N7J,OPQRS2345Z,9012 3456 8901,L4567890,AP-6419210660894,4543456789082345,5445678901235673,899
X3F9G2D1M,IJKLM9876A,2345 6789 2345,M5678901,TN-6519200670905,4678901234523,5556789012346784,190
T8Q5B0J6N,ABCDE1234B,3456 7890 3456,N6789012,KA-6619190681016,4678901234526789,5112345678903452,2235
B2W9L3P1F,FGHIJ5678C,4567 8901 4567,O7890123,UP-6719180691127,4789012345780,5223456789014563,5672
R0V4M9K6Y,LMNOP2345D,5678 9012 5678,P8901234,DL-6819170701238,4789012345789081,5334567890125674,8902
Y6T1D7Q2N,PQRST6789E,6789 0123 6789,Q9012345,HR-6919160711349,4890123456771,5445678901236785,1014
S5B0J3F8P,VWXYZ1234F,7890 1234 7890,R0123456,MP-7019150721450,4890123456779011,5556789012347896,3457
G2M6N0T9K,KLMNO5678G,8901 2345 8901,S1234567,GJ-7119140731561,4934567890218,5112345678904564,6781
F7X0W1P3J,XYZAB2345H,9012 3456 9012,T2345678,MH-7219130741672,4934567890215678,5223456789015675,2348
P9Y2T5R4D,DEFHI1234I,2345 6789 3456,U3456789,KL-7319120751783,4123456789093,5334567890126786,541
N1B7K0X8F,GHIJK9876J,3456 7890 4567,V4567890,AP-7419110761894,4123456789093456,5445678901237897,672
Q0P3W2Y9M,LMNOP2345K,4567 8901 5678,W5678901,TN-7519100771905,4234567890142,5556789012348908,8903
J4T1R6V9P,STUVW6789L,5678 9012 6789,X6789012,KA-7619090782016,4234567890145678,5112345678905676,9034
D5F9B2K7L,OPQRS1234M,6789 0123 7890,Y7890123,UP-7719080792127,4367890123405,5223456789016787,5673
M1Q6V0X4Y,IJKLM5678N,7890 1234 8901,Z8901234,DL-7819070802238,4367890123405678,5334567890127898,6782
T2N7R3P9K,ABCDE2345O,8901 2345 9012,A9012345,HR-7919060812349,4456789012349,5445678901238909,1236
L3D1P8Y0J,FGHIJ6789P,9012 3456 1234,B0123456,MP-8019050822450,4.45679E+15,5.55679E+15,3458
V4X9F2G1N,LMNOP1234Q,2345 6789 5678,C1234567,GJ-8119040832561,4543456789124,5112345678901239,7894
K7P6J0B3M,PQRST2345R,3456 7890 6789,D2345678,MH-8219030842672,4543456789124567,5.22346E+15,4563
P5Q9N1V7Y,VWXYZ5678S,4567 8901 7890,E3456789,KL-8319020852783,4678901234540,5334567890123451,8904
F8R4L2T9D,KLMNO2345T,5678 9012 8901,F4567890,AP-8419010862894,4678901234545678,5445678901234562,1237
X3W0M9Y1P,XYZAB1234U,6789 0123 9012,G5678901,TN-8519000872905,4789012345675,5556789012345673,3450
J0F7K6R2L,DEFHI9876V,7890 1234 2345,H6789012,KA-8618990883016,4789012345678906,5112345678906781,5674
N2T9X5P1Y,GHIJK2345W,8901 2345 3456,I7890123,UP-8718980893127,4890123456891,5223456789017892,8905
M3D0W7V9K,LMNOP5678X,9012 3456 4567,J8901234,DL-8818970903238,4890123456892345,5334567890128903,2236
R6L9B0P4Y,STUVW1234Y,2345 6789 7890,K9012345,HR-8918960913349,4934567890221,5445678901239014,6783
K1Q2P8F7V,OPQRS2345Z,3456 7890 8901,L0123456,MP-9018950923450,4934567890223456,5556789012340125,1015
T4W5Y2M0N,IJKLM9876A,4567 8901 9012,M1234567,GJ-9118940933561,4123456789098,5112345678902341,434
L9X3D1R8P,ABCDE1234B,5678 9012 2345,N2345678,MH-9218930943672,4123456789098765,5223456789013452,2349
P0V4J2B7Y,FGHIJ5678C,6789 0123 3456,O3456789,KL-9318920953783,4234567890153,5334567890124563,7895
G7N1F3T9X,LMNOP2345D,7890 1234 4567,P4567890,AP-9418910963894,4234567890158765,5445678901235674,6721
S2J8M5P0K,PQRST6789E,8901 2345 5678,Q5678901,TN-9518900973905,4367890123459,5556789012346785,5675
F0B9Y1R4T,VWXYZ1234F,9012 3456 6789,R6789012,KA-9618890984016,4.36789E+15,5112345678903453,8906
N3V7X8P0M,KLMNO5678G,2345 6789 8901,S7890123,UP-9718880994127,4456789012341,5223456789014564,1238
P1K2F4B9Y,XYZAB2345H,3456 7890 9012,T8901234,DL-9818871004238,4456789012345432,5334567890125675,344
W6Q3T9D0R,DEFHI1234I,4567 8901 2345,U9012345,HR-9918861014349,4543456789090,5445678901236786,4560
K5X8L2P1Y,GHIJK9876J,5678 9012 3456,V0123456,MP-1001886101450,4543456789099012,5556789012347897,7896
M7T9V0D3Q,LMNOP2345K,6789 0123 4567,W1234567,GJ-1011887111561,4678901234553,5112345678904565,9012
N2B4P6F1J,STUVW6789L,7890 1234 5678,X2345678,MH-1021888121672,4.6789E+15,5223456789015676,3451
T5K9X3Y0V,OPQRS1234M,8901 2345 6789,Y3456789,KL-1031889131783,4789012345673,5334567890126787,6784
P1M6B9Q7R,IJKLM5678N,9012 3456 7890,Z4567890,AP-1041890141894,4789012345678965,5445678901237898,2340
S0F2J3W9Y,ABCDE2345O,2345 6789 1234,A5678901,TN-1051891151905,4890123456895,5556789012348909,122
D9N1K4X7P,FGHIJ6789P,3456 7890 2345,B6789012,KA-1061892162016,4890123456895678,5112345678905677,5676
L2R8B3Y0T,LMNOP1234Q,4567 8901 3456,C7890123,UP-1071893172127,4934567890224,5223456789016788,8907
J3V5T0P1N,PQRST2345R,5678 9012 4567,D8901234,DL-1081894182238,4934567890226789,5334567890127899,1239
F6X1Y9B2R,VWXYZ5678S,6789 0123 5678,E9012345,HR-1091895192349,4123456789011,5.44568E+15,4561
Q0P4M3K7D,KLMNO2345T,7890 1234 6789,F0123456,MP-1101896202450,4123456789018765,5556789012349011,7897
G1V9X8T2Y,XYZAB1234U,8901 2345 7890,G1234567,GJ-1111897212561,4234567890149,5.11235E+15,2237
W2J3N6F0P,DEFHI9876V,9012 3456 8901,H2345678,MH-1121898222672,4234567890145678,5223456789012341,6785
P4Y7M9R1T,GHIJK2345W,2345 6789 2345,I3456789,KL-1131899232783,4367890123400,5334567890123452,3453
K0V1T6D3N,LMNOP5678X,3456 7890 3456,J4567890,AP-1141900242894,4367890123408901,5445678901234563,5677
L9Q2P3M7Y,STUVW1234Y,4567 8901 4567,K5678901,TN-1151901252905,4456789012347,5556789012345674,9013
N8K5F0J4X,OPQRS2345Z,5678 9012 5678,L6789012,KA-1161902263016,4456789012346543,5112345678906782,8908
P1X6T9R3D,IJKLM9876A,6789 0123 6789,M7890123,UP-1171903273127,4543456789132,5223456789017893,1016
M4W0V2B9Y,ABCDE1234B,7890 1234 7890,N8901234,DL-1181904283238,4543456789132345,5334567890128904,7898
Q3N5K7P1R,FGHIJ5678C,8901 2345 8901,O9012345,HR-1191905293349,4678901234554,5445678901239015,2341
F0L9X2T7Y,LMNOP2345D,9012 3456 9012,P0123456,MP-1201906303450,4678901234554567,5556789012340126,3454
S3R5B0N1P,PQRST6789E,2345 6789 3456,Q1234567,GJ-1211907313561,4789012345671,5112345678902342,5678
W6K4Y0V9J,VWXYZ1234F,3456 7890 4567,R2345678,MH-1221908323672,4789012345678904,5223456789013453,8909
T9F7N1M3B,KLMNO5678G,4567 8901 5678,S3456789,KL-1231909333783,4890123456894,5334567890124564,1222
K2P5D9Y0J,XYZAB2345H,5678 9012 6789,T4567890,AP-1241910343894,4.89012E+15,5445678901235675,5679
J4T6X1F9V,DEFHI1234I,6789 0123 7890,U5678901,TN-1251911353905,4934567890235,5556789012346786,7899
B0W3M7Y9P,GHIJK9876J,7890 1234 8901,V6789012,KA-1261912364016,4.93457E+15,5112345678903454,9014
V2Q9F3T6D,LMNOP2345K,8901 2345 9012,W7890123,UP-1271913374127,4123456789017,5223456789014565,5670
L7T0J4N1X,STUVW6789L,9012 3456 1234,X8901234,DL-1281914384238,4123456789015678,5334567890125676,8900
Y3F6P0M9R,OPQRS1234M,2345 6789 5678,Y9012345,HR-1291915394349,4234567890154,5445678901236787,3441
K5V7D0T1X,IJKLM5678N,3456 7890 6789,Z0123456,MP-1301916404450,4234567890159876,5556789012347898,1230
S9J1M4B3Y,ABCDE2345O,4567 8901 7890,A1234567,GJ-1311917414561,4367890123480,5112345678904566,5671
Q2K5V6F9N,FGHIJ6789P,5678 9012 8901,B2345678,MH-1321918424672,4367890123482345,5223456789015677,7890
T3R9X7B0P,LMNOP1234Q,6789 0123 9012,C3456789,KL-1331919434783,4456789012340,5334567890126788,2342
N0P1Y6M2J,PQRST2345R,7890 1234 2345,D4567890,AP-1341920444894,4.45679E+15,5445678901237899,9015
J2L4T7V9F,VWXYZ5678S,8901 2345 3456,E5678901,TN-1351921454905,4543456789078,5.55679E+15,2343
M6Q5K9Y0P,KLMNO2345T,9012 3456 4567,F6789012,KA-1361922465016,4543456789072345,5112345678905678,3455
F7D1V4X9Y,XYZAB1234U,2345 6789 7890,G7890123,UP-1371923475127,4678901234555,5223456789016789,6786
R9B2T3M0X,DEFHI9876V,3456 7890 8901,H8901234,DL-1381924485238,4678901234557891,5.33457E+15,5672
L1J5P9V7K,GHIJK2345W,4567 8901 9012,I9012345,HR-1391925495349,4789012345662,5445678901238901,8901
T3F0X6Y1P,LMNOP5678X,5678 9012 2345,J0123456,MP-1401926505450,4789012345667893,5556789012349012,3456
G9N4D2K1R,STUVW1234Y,6789 0123 3456,K1234567,GJ-1411927515561,4890123456892,5112345678901231,7891
P0Y5Q6V3M,OPQRS2345Z,7890 1234 4567,L2345678,MH-1421928525672,4890123456894321,5223456789012342,2238
S1V9X2T4J,IJKLM9876A,8901 2345 5678,M3456789,KL-1431929535783,4934567890231,5334567890123453,6787
Q7K5R0F8P,ABCDE1234B,9012 3456 6789,N4567890,AP-1441930545894,4934567890236789,5445678901234564,4565
X3M9T2J0B,FGHIJ5678C,2345 6789 8901,O5678901,TN-1451931555905,4123456789014,5556789012345675,7892
K2F1L7Y0P,LMNOP2345D,3456 7890 9012,P6789012,KA-1461932566016,4123456789012135,5112345678906783,3457
M9B0X5Q3V,PQRST6789E,4567 8901 2345,Q7890123,UP-1471933576127,4234567890157,5223456789017894,5673
N6P1T3J9Y,VWXYZ1234F,5678 9012 3456,R8901234,DL-1481934586238,4234567890158957,5334567890128905,9016
P5F8T0X4K,KLMNO5678G,6789 0123 4567,S9012345,HR-1491935596349,4367890123497,5445678901239016,8902
T3V9Q1D0B,XYZAB2345H,7890 1234 5678,T0123456,MP-1501936606450,4367890123498234,5556789012340127,2344
L7R2Y9F0K,DEFHI1234I,8901 2345 6789,U1234567,GJ-1511937616561,4456789012378,5112345678902343,7893
V9J6N1M3P,GHIJK9876J,9012 3456 7890,V2345678,MH-1521938626672,4456789012379856,5223456789013454,4567
J4B0P3Y9T,LMNOP2345K,2345 6789 1234,W3456789,KL-1531939636783,4543456789026,5334567890124565,6788
X2T5K1N7M,STUVW6789L,3456 7890 2345,X4567890,AP-1541940646894,4543456789023456,5445678901235676,1017
S3F9Y0Q4V,OPQRS1234M,4567 8901 3456,Y5678901,TN-1551941656905,4678901234564,5556789012346787,9017
M1N7P0J6F,IJKLM5678N,5678 9012 4567,Z6789012,KA-1561942667016,4678901234566789,5112345678903455,1231
D9T0Q2B3Y,ABCDE2345O,6789 0123 5678,A7890123,UP-1571943677127,4789012345670,5223456789014566,5674
K1F5X7T9P,FGHIJ6789P,7890 1234 6789,B8901234,DL-1581944687238,4.78901E+15,5334567890125677,3458
J6R0V4M9N,LMNOP1234Q,8901 2345 7890,C9012345,HR-1591945697349,4890123456900,5445678901236788,2345
Q2K9P5X1V,PQRST2345R,9012 3456 8901,D0123456,MP-1601946707450,4890123456905432,5556789012347899,7894
T4F3N7Y0B,VWXYZ5678S,2345 6789 2345,E1234567,GJ-1611947717561,4934567890232,5112345678904567,8903
M0X5T9K1J,KLMNO2345T,3456 7890 3456,F2345678,MH-1621948727672,4934567890239012,5223456789015678,5675
P1L9Q7V3D,XYZAB1234U,4567 8901 4567,G3456789,KL-1631949737783,4123456789015,5334567890126789,6789
F8R6Y2K0P,DEFHI9876V,5678 9012 5678,H4567890,AP-1641950747894,4123456789011002,5.44568E+15,1232
S3J1T5M9Y,GHIJK2345W,6789 0123 6789,I5678901,TN-1651951757905,4234567890152,5556789012349013,2346
W2K0X6F3P,LMNOP5678X,7890 1234 7890,J6789012,KA-1661952768016,4234567890159567,5112345678905679,9018
P9B7N0Q5Y,STUVW1234Y,8901 2345 8901,K7890123,UP-1671953778127,4367890123408,5.22346E+15,6780
M3T4X2V1J,OPQRS2345Z,9012 3456 9012,L8901234,DL-1681954788238,4367890123406789,5334567890127891,8904
K7F0J9P5Y,IJKLM9876A,2345 6789 3456,M9012345,HR-1691955798349,4456789012375,5445678901238902,1233
N8X1R3T6V,ABCDE1234B,3456 7890 4567,N0123456,MP-1701956808450,4456789012375682,5556789012340128,7895
P5Q3Y0L7J,FGHIJ5678C,4567 8901 5678,O1234567,GJ-1711957818561,4543456789070,5112345678901232,3459
F4K9N1V2M,LMNOP2345D,5678 9012 6789,P2345678,MH-1721958828672,4543456789078901,5223456789012343,4568
W2T5X0P3R,PQRST6789E,6789 0123 7890,Q3456789,KL-1731959838783,4678901234575,5334567890123454,5676
K3B9P1F0Y,VWXYZ1234F,7890 1234 8901,R4567890,AP-1741960848894,4.6789E+15,5445678901234565,8905
R0M7V9T5N,KLMNO5678G,8901 2345 9012,S5678901,TN-1751961858905,4789012345667,5556789012345676,2347
X4J0Y1P3M,XYZAB2345H,9012 3456 1234,T6789012,KA-1761962869016,4789012345662334,5112345678906784,7896
S8V2T5K9P,DEFHI1234I,2345 6789 5678,U7890123,UP-1771963879127,4890123456909,5223456789017895,3450
T0B1Q9N7R,GHIJK9876J,3456 7890 6789,V8901234,DL-1781964889238,4890123456904321,5334567890128906,5677
L4X5Y2P3M,LMNOP2345K,4567 8901 7890,W9012345,HR-1791965899349,4934567890240,5445678901239017,2239
P2F0J7T6V,STUVW6789L,5678 9012 8901,X0123456,MP-1801966909450,4934567890242345,5556789012340129,7897
M8Y5K1B3N,OPQRS1234M,6789 0123 9012,Y1234567,GJ-1811967919561,4123456789013,5112345678902344,6781
F9R4X0P3T,IJKLM5678N,7890 1234 2345,Z2345678,MH-1821968929672,4123456789018761,5223456789013455,2348
Q2N7T5J9K,ABCDE2345O,8901 2345 3456,A3456789,KL-1831969939783,4234567890155,5334567890124566,9019
S0B3Y1V7M,FGHIJ6789P,9012 3456 4567,B4567890,AP-1841970959894,4.23457E+15,5445678901235677,8906
T5K0P9Y4N,LMNOP1234Q,2345 6789 7890,C5678901,TN-1851971969905,4367890123484,5556789012346788,1234
M7R9Q0F3V,PQRST2345R,3456 7890 8901,D6789012,KA-1861972970016,4.36789E+15,5112345678903456,5678
K1P5Y9X2T,VWXYZ5678S,4567 8901 9012,E7890123,UP-1871973980127,4456789012342,5223456789014567,6782
N6Q0J7B4F,KLMNO2345T,5678 9012 2345,F8901234,DL-1881974990238,4456789012345679,5334567890125678,7898
V9L2P1M0T,XYZAB1234U,6789 0123 3456,G9012345,HR-1891976000349,4543456789128,5445678901236789,3450
T7K3Y0N9F,DEFHI9876V,7890 1234 4567,H0123456,MP-1901977010450,4543456789125674,5.55679E+15,1235
P4R9M0B1X,GHIJK2345W,8901 2345 5678,I1234567,GJ-1911978020561,4678901234573,5112345678904568,5679
Q5Y2T7F0N,LMNOP5678X,9012 3456 6789,J2345678,MH-1921979030672,4678901234578901,5223456789015679,8907
J3B9T4P0M,STUVW1234Y,2345 6789 8901,K3456789,KL-1931980040783,4789012345672,5.33457E+15,7899
L0Y5R1X3V,OPQRS2345Z,3456 7890 9012,L4567890,AP-1941981050894,4789012345673456,5445678901237891,4569
S1T8P9Y4K,IJKLM9876A,4567 8901 2345,M5678901,TN-1951982060905,4890123456898,5556789012349014,6783
M9N0X2V5Y,ABCDE1234B,5678 9012 3456,N6789012,KA-1961983071016,4890123456890234,5112345678905671,3451
F1J7P4T0K,FGHIJ5678C,6789 0123 4567,O7890123,UP-1971984081127,4934567890237,5223456789016782,9010
K8T3R9B0Y,LMNOP2345D,7890 1234 5678,P8901234,DL-1981985091238,4934567890234561,5334567890127893,8908
N7V6M3F2J,PQRST6789E,8901 2345 6789,Q9012345,HR-1991986101349,4123456789019,5445678901238904,1236
P9Q0Y2T5M,VWXYZ1234F,9012 3456 7890,R0123456,MP-2001987111450,4123456789012347,5.55679E+15,5670